구별,동별,사업장명,소재지도로명주소,위도,경도,지역명
분당구,구미동,무지개약국,"경기도 성남시 분당구 탄천상로151번길 20, 월드쇼핑,삼성SDA 지1층 C-1호 (구미동)",37.3400457,127.1069711,분당구 구미동
분당구,구미동,미래팜대학약국,"경기도 성남시 분당구 돌마로 46, 101호 (구미동)",37.3437715,127.1194183,분당구 구미동
분당구,구미동,하나약국,"경기도 성남시 분당구 미금일로 71, 하나빌딩 101호 (구미동)",37.3456093,127.111807,분당구 구미동
분당구,구미동,무지개약국,"경기도 성남시 분당구 탄천상로151번길 20, 월드쇼핑(CGV Square) 지1층 C-1호 (구미동)",37.3400457,127.1069711,분당구 구미동
분당구,구미동,경민약국,"경기도 성남시 분당구 돌마로 52, MD프라자 1층 106호 (구미동)",37.34473029999999,127.1189764,분당구 구미동
분당구,구미동,성빈약국,"경기도 성남시 분당구 미금로 48, 302호 (구미동, 오성플라자)",37.3378333,127.1165434,분당구 구미동
분당구,구미동,시니어스약국,"경기도 성남시 분당구 구미로173번길 47, 서울시니어스분당타워 161호 (구미동)",37.347236,127.1233885,분당구 구미동
분당구,구미동,분당메디칼약국,"경기도 성남시 분당구 돌마로 68, 분당프라자 1층 112,113호 (구미동)",37.3496405,127.1095316,분당구 구미동
분당구,구미동,청 한약국,"경기도 성남시 분당구 미금일로80번길 6, 1층 (구미동)",37.34649,127.1110573,분당구 구미동
분당구,구미동,알파약국,"경기도 성남시 분당구 돌마로 68, 분당프라자 308호 (구미동)",37.3496405,127.1095316,분당구 구미동
분당구,구미동,더사랑약국,"경기도 성남시 분당구 돌마로 68, 분당프라자 5층 508호 (구미동)",37.34659750000001,127.1302351,분당구 구미동
분당구,구미동,우리마을약국,"경기도 성남시 분당구 미금일로 55, 하얀마을아파트 205호 (구미동)",37.3457432,127.1136741,분당구 구미동
분당구,궁내동,버즈약국,"경기도 성남시 분당구 궁내로40번길 39, 104호 (궁내동)",37.3705305,127.1012188,분당구 궁내동
분당구,금곡동,온누리 길약국,"경기도 성남시 분당구 돌마로 67, 금산젬월드 115호 (금곡동)",37.3504592,127.1095067,분당구 금곡동
분당구,금곡동,건강백세약국,"경기도 성남시 분당구 돌마로 43, 메디파크빌딩 1층 102호 (금곡동)",37.3617705,127.100559,분당구 금곡동
분당구,금곡동,태광약국,"경기도 성남시 분당구 성남대로 168 (금곡동, 미도프라자)",37.3509246,127.1093795,분당구 금곡동
분당구,금곡동,미금프라자약국,"경기도 성남시 분당구 돌마로 75, 미금프라자 1층 105호 (금곡동)",37.3625768,127.0996798,분당구 금곡동
분당구,금곡동,분당종로약국,"경기도 성남시 분당구 돌마로 87, 골드프라자 101~104호 (금곡동)",37.3503939,127.11172,분당구 금곡동
분당구,금곡동,새분당서울약국,"경기도 성남시 분당구 돌마로 75, 106호 (금곡동, 미금프라자)",37.3503414,127.1103794,분당구 금곡동
분당구,금곡동,분당중앙 약국,"경기도 성남시 분당구 정자일로 25, 103호 (금곡동, 대덕프라자)",37.3524013,127.1056605,분당구 금곡동
분당구,금곡동,365그린약국,"경기도 성남시 분당구 성남대로 165, 천사의도시1 오피스텔 2층 231호 (금곡동)",37.3507302,127.1082963,분당구 금곡동
분당구,금곡동,가자크린팜대학약국,"경기도 성남시 분당구 금곡로 233, 상가동 101,102호 (금곡동, 청솔마을)",37.3531383,127.1120765,분당구 금곡동
분당구,금곡동,청솔약국,"경기도 성남시 분당구 돌마로 79, 썬프라자 107호 (금곡동)",37.3504,127.1107955,분당구 금곡동
분당구,금곡동,임약국,"경기도 성남시 분당구 성남대로 170, 301호 (금곡동, 한국프라자)",37.3595159,127.1007226,분당구 금곡동
분당구,대장동,대장푸른약국,"경기도 성남시 분당구 판교대장로 84, 105호 (대장동)",37.3664054,127.0684005,분당구 대장동
분당구,대장동,참약사 대장약국,"경기도 성남시 분당구 판교대장로6길 10, 107호 (대장동)",37.371884,127.0671484,분당구 대장동
분당구,백현동,휴베이스 알파약국,"경기도 성남시 분당구 분당내곡로 131, 2층 9호 (백현동)",37.3954881,127.1121146,분당구 백현동
분당구,백현동,옵티마희망약국,"경기도 성남시 분당구 동판교로 92, 201-2호 (백현동, 백현마을3단지)",37.3898932,127.1177147,분당구 백현동
분당구,백현동,시티약국,"경기도 성남시 분당구 판교역로 152, 3층 (백현동)",37.3942237,127.1103225,분당구 백현동
분당구,백현동,베르데약국,"경기도 성남시 분당구 판교역로18번길 22, YH빌딩 1층 102호 (백현동)",37.3857043,127.1109812,분당구 백현동
분당구,백현동,판교365약국,"경기도 성남시 분당구 분당내곡로 117, 크래프톤타워 1층 (백현동)",37.394224,127.1121616,분당구 백현동
분당구,분당동,삼보당약국,"경기도 성남시 분당구 분당로263번길 24, 101호 (분당동, 건영아파트11차 종합상가)",37.3701257,127.1393421,분당구 분당동
분당구,분당동,분당우리약국,"경기도 성남시 분당구 장안로 27, SNH타워 1층 101호 (분당동)",37.3697346,127.1424498,분당구 분당동
분당구,삼평동,판교마트약국,"경기도 성남시 분당구 대왕판교로606번길 58, 판교푸르지오월드마크 지하1층 약국코너호 (삼평동)",37.3955218,127.113649,분당구 삼평동
분당구,삼평동,웰츠약국,"경기도 성남시 분당구 분당내곡로 159, A동 115호 (삼평동)",37.3979905,127.1125195,분당구 삼평동
분당구,삼평동,봇들약국,"경기도 성남시 분당구 판교로 376, 마크시티 퍼플 5층 (삼평동)",37.4039166,127.1161576,분당구 삼평동
분당구,삼평동,판교태평양약국,"경기도 성남시 분당구 분당내곡로 151, 1층 110호 (삼평동)",37.3973803,127.1125178,분당구 삼평동
분당구,삼평동,판교조은약국,"경기도 성남시 분당구 대왕판교로606번길 39, 105호 (삼평동, 럭스타워)",37.3964792,127.1115011,분당구 삼평동
분당구,삼평동,판교이화자연약국,경기도 성남시 분당구 판교역로192번길 16 (삼평동),37.397763,127.1114286,분당구 삼평동
분당구,삼평동,판교온누리약국,"경기도 성남시 분당구 판교로 375, 106호 (삼평동,에메트타운)",37.404196,127.1153218,분당구 삼평동
분당구,삼평동,원이약국,"경기도 성남시 분당구 대왕판교로606번길 58, 판교푸르지오월드마크 1층 1-89호 (삼평동)",37.3955218,127.113649,분당구 삼평동
분당구,삼평동,해피약국,"경기도 성남시 분당구 판교역로 178, 서건타워 1층 109호 (삼평동)",37.39653020000001,127.110017,분당구 삼평동
분당구,삼평동,혜준온누리약국,"경기도 성남시 분당구 판교역로 235, 에이치스퀘어 엔동 103호 (삼평동)",37.4020664,127.1086468,분당구 삼평동
분당구,삼평동,프라임정약국,"경기도 성남시 분당구 대왕판교로606번길 41, 프라임스퀘어 4층 401호 (삼평동)",37.3964469,127.1119335,분당구 삼평동
분당구,삼평동,봇들약국,"경기도 성남시 분당구 판교로 376, 마크시티 퍼플 504(일부)호 (삼평동)",37.4039166,127.1161576,분당구 삼평동
분당구,삼평동,광장약국,"경기도 성남시 분당구 대왕판교로 670, 유스페이스2 B동 122호 (삼평동)",37.4020682,127.1066709,분당구 삼평동
분당구,삼평동,나은약국,"경기도 성남시 분당구 판교로 374, 스타식스코아2 109호 (삼평동)",37.4038168,127.1159211,분당구 삼평동
분당구,삼평동,럭스온누리약국,"경기도 성남시 분당구 대왕판교로606번길 39, 105호 (삼평동, 럭스타워)",37.3964792,127.1115011,분당구 삼평동
분당구,서현동,키위약국,"경기도 성남시 분당구 황새울로342번길 11, 금호리빙스텔 106,107호 (서현동)",37.3860872,127.1235715,분당구 서현동
분당구,서현동,파란약국,"경기도 성남시 분당구 서현로180번길 13, 서현프라자 107호 (서현동)",37.3879098,127.1228612,분당구 서현동
분당구,서현동,서현약국,"경기도 성남시 분당구 중앙공원로39번길 49, 서현 지엔느 106호 (서현동)",37.383782,127.1247659,분당구 서현동
분당구,서현동,다나약국,"경기도 성남시 분당구 돌마로476번길 41, 분당빌딩 2층 (서현동)",37.3745172,127.1361249,분당구 서현동
분당구,서현동,분당 비타민약국,"경기도 성남시 분당구 분당로263번길 35, 서현굿모닝프라자 101호 (서현동)",37.3717108,127.1397755,분당구 서현동
분당구,서현동,분당비타민약국,"경기도 성남시 분당구 분당로263번길 35, 서현굿모닝프라자 101호 (서현동)",37.3717108,127.1397755,분당구 서현동
분당구,서현동,서현윤약국,경기도 성남시 분당구 황새울로342번길 9 1층,37.392,127.121,분당구 서현동
분당구,서현동,대화약국,"경기도 성남시 분당구 중앙공원로 35, 올림픽스포츠센터 2층 228호 (서현동)",37.3809419,127.1287705,분당구 서현동
분당구,서현동,조이온누리약국,"경기도 성남시 분당구 서현로 184, 212호 (서현동)",37.3846524,127.1331907,분당구 서현동
분당구,서현동,제일온누리약국,"경기도 성남시 분당구 중앙공원로39번길 7, 삼성.한신근린상가 129-1호 (서현동)",37.3814914,127.1281291,분당구 서현동
분당구,서현동,분당미래약국,"경기도 성남시 분당구 분당로263번길 39, 레이디파크빌딩 1층 107호 (서현동)",37.3720259,127.1401585,분당구 서현동
분당구,서현동,분당새봄약국,"경기도 성남시 분당구 중앙공원로40번길 4, 202-2호 (서현동)",37.3803386,127.1294496,분당구 서현동
분당구,서현동,하나로약국,"경기도 성남시 분당구 황새울로360번길 28, 112호 (서현동)",37.3856913,127.1248117,분당구 서현동
분당구,서현동,분당경희 한약 약국,"경기도 성남시 분당구 중앙공원로31번길 42, 121호 (서현동)",37.3830904,127.1254883,분당구 서현동
분당구,서현동,분당백화점약국,"경기도 성남시 분당구 서현로210번길 17, 106호 (서현동, 광림프라자)",37.3854207,127.1245159,분당구 서현동
분당구,서현동,웰리드동진약국,"경기도 성남시 분당구 불정로 381, 효자촌동진프라자 1011호 (서현동)",37.3745816,127.136712,분당구 서현동
분당구,서현동,분당백제약국,경기도 성남시 분당구 서현로180번길 19 (서현동),37.3873591,127.1224439,분당구 서현동
분당구,서현동,서현종로약국,"경기도 성남시 분당구 서현로 204, 102호 (서현동, 엘지에클리트)",37.3834627,127.1394586,분당구 서현동
분당구,서현동,풍림약국,"경기도 성남시 분당구 서현로 170, 237호 (서현동, 풍림아이원)",37.3889821,127.1225406,분당구 서현동
분당구,서현동,메디팜우정약국,경기도 성남시 분당구 서현로210번길 2 (서현동),37.3868451,127.1254805,분당구 서현동
분당구,서현동,서현봄약국,"경기도 성남시 분당구 분당로53번길 22, 블루홀플라자 1층 2호 (서현동)",37.3842582,127.1228561,분당구 서현동
분당구,서현동,청아약국,"경기도 성남시 분당구 황새울로342번길 23, 기영프라자 103호 (서현동)",37.3868779,127.1245888,분당구 서현동
분당구,수내동,초림약국,"경기도 성남시 분당구 백현로101번길 25, 수내프라자 1층 (수내동)",37.37807919999999,127.1132778,분당구 수내동
분당구,수내동,수내푸른약국,"경기도 성남시 분당구 돌마로366번길 40, 푸른마을 아파트 A동 109호 (수내동)",37.369305,127.123265,분당구 수내동
분당구,수내동,웰빙약국,"경기도 성남시 분당구 백현로 97, 1층 108호 (수내동, 다운타운)",37.3768362,127.1113866,분당구 수내동
분당구,수내동,다정약국,"경기도 성남시 분당구 내정로 172, 1층 103호 (수내동, 상지상가)",37.3736802,127.1199686,분당구 수내동
분당구,수내동,온누리중앙약국,경기도 성남시 분당구 돌마로366번길 42 (수내동),37.3670892,127.1268096,분당구 수내동
분당구,수내동,휴베이스봄약국,"경기도 성남시 분당구 내정로 172, 상지상가빌딩 1층 102호 (수내동)",37.3736149,127.1199512,분당구 수내동
분당구,수내동,중앙메디컬동물약국,"경기도 성남시 분당구 돌마로366번길 42, 동한프라자 1층 (수내동)",37.3670892,127.1268096,분당구 수내동
분당구,수내동,세계로약국,"경기도 성남시 분당구 수내로46번길 33, 1층 (수내동)",37.3787091,127.1151264,분당구 수내동
분당구,수내동,드림약국,"경기도 성남시 분당구 백현로101번길 17, 초림프라자 1층 118호 (수내동)",37.37753250000001,127.1125451,분당구 수내동
분당구,수내동,메디파크약국,"경기도 성남시 분당구 백현로101번길 23, 미도프라자 1층 (수내동)",37.37795029999999,127.1131012,분당구 수내동
분당구,수내동,셀메드 드림약국,"경기도 성남시 분당구 돌마로356번길 3, 그랜드빌딩 4층 (수내동)",37.3697372,127.1233265,분당구 수내동
분당구,수내동,우주약국,"경기도 성남시 분당구 내정로 170, 동신파크빌딩 3층 3호,3-1호호 (수내동)",37.3734849,127.1196806,분당구 수내동
분당구,수내동,열린팜약국,"경기도 성남시 분당구 내정로165번길 50, 크리스탈빌딩 106호 (수내동)",37.3770749,127.1154689,분당구 수내동
분당구,수내동,수내약국,"경기도 성남시 분당구 내정로166번길 43, 금산프라자빌딩 101호 (수내동)",37.3703735,127.1226097,분당구 수내동
분당구,수내동,드림약국,"경기도 성남시 분당구 백현로101번길 17, 초림프라자 1층 118호 (수내동)",37.37753250000001,127.1125451,분당구 수내동
분당구,수내동,우주약국,"경기도 성남시 분당구 내정로 170, 303호 (수내동, 동신파크빌딩)",37.3734849,127.1196806,분당구 수내동
분당구,수내동,수내365약국,"경기도 성남시 분당구 내정로173번길 49, 궁전프라자-3 111호 (수내동)",37.3773806,127.1158025,분당구 수내동
분당구,수내동,드림약국,"경기도 성남시 분당구 백현로101번길 17, 초림프라자 1층 118호 (수내동)",37.37753250000001,127.1125451,분당구 수내동
분당구,수내동,새계로약국,"경기도 성남시 분당구 수내로46번길 33 (수내동,화동빌딩 1층)",37.3787091,127.1151264,분당구 수내동
분당구,야탑동,분당시민의약국,"경기도 성남시 분당구 야탑로65번길 6, 대우빌딩 1층 B10호 (야탑동)",37.4102788,127.1263206,분당구 야탑동
분당구,야탑동,분당세계로 약국,"경기도 성남시 분당구 야탑로75번길 9, 금호프라자 1층 101호 (야탑동)",37.4107371,127.1268293,분당구 야탑동
분당구,야탑동,야탑스마일약국,"경기도 성남시 분당구 야탑로81번길 10, 분당아미고타워 305-1호 (야탑동)",37.4106269,127.1281972,분당구 야탑동
분당구,야탑동,옵티마나무약국,"경기도 성남시 분당구 성남대로926번길 12, 금탑프라자 109호 (야탑동)",37.4128398,127.1298517,분당구 야탑동
분당구,야탑동,사랑메디칼약국,"경기도 성남시 분당구 장미로 198 (야탑동, 아델파크빌 B106-1, 2)",37.4124643,127.1429729,분당구 야탑동
분당구,야탑동,한약국,"경기도 성남시 분당구 판교로 700, 110호 (야탑동, 분당테크노파크상가동)",37.4002951,127.1494611,분당구 야탑동
분당구,야탑동,정약국,"경기도 성남시 분당구 야탑로 243, 부건프라자 102호 (야탑동)",37.4073916,127.1455183,분당구 야탑동
분당구,야탑동,새로운약국,"경기도 성남시 분당구 야탑로69번길 2, 1층 (야탑동)",37.4100899,127.1268222,분당구 야탑동
분당구,야탑동,함께하는약국,"경기도 성남시 분당구 야탑로 64, 1층 (야탑동)",37.4094679,127.1257776,분당구 야탑동
분당구,야탑동,분당햇살약국,"경기도 성남시 분당구 성남대로 912, 분당BYC빌딩 (야탑동)",37.4109673,127.1292458,분당구 야탑동
분당구,야탑동,탑마을약국,"경기도 성남시 분당구 성남대로916번길 20, A동 108호 (야탑동, 노블리치상가)",37.4101532,127.1297694,분당구 야탑동
분당구,야탑동,그린탑약국,"경기도 성남시 분당구 성남대로 934, 102호 (야탑동, 궁전프라자)",37.3980391,127.152045,분당구 야탑동
분당구,야탑동,장미마을현대온누리약국,"경기도 성남시 분당구 장미로 101, 1102호 (야탑동, 장미마을)",37.4156066,127.1324305,분당구 야탑동
분당구,야탑동,하루약국,"경기도 성남시 분당구 야탑로69번길 8, 한주코아 104호 (야탑동)",37.4105212,127.126828,분당구 야탑동
분당구,야탑동,메트로 약국,"경기도 성남시 분당구 성남대로 926, 110호 (야탑동, 메트로빌딩 )",37.4125286,127.1292647,분당구 야탑동
분당구,야탑동,메트로약국,"경기도 성남시 분당구 성남대로 926, 분당메트로 1층 (야탑동)",37.4125741,127.1292728,분당구 야탑동
분당구,야탑동,선화약국,"경기도 성남시 분당구 판교로 477, 정우스토아 102호 (야탑동)",37.3980391,127.152045,분당구 야탑동
분당구,야탑동,야탑그린약국,"경기도 성남시 분당구 야탑로81번길 10, 분당아미고타워 307-1호 (야탑동)",37.4106269,127.1281972,분당구 야탑동
분당구,야탑동,홈케어굿모닝약국,"경기도 성남시 분당구 야탑로69번길 3, 강남프라자 101~105호일부, 204호 (야탑동)",37.4100458,127.1263514,분당구 야탑동
분당구,야탑동,탑마을오렌지약국,"경기도 성남시 분당구 야탑로69번길 21, 영진다이비스상가 109,110,111호 (야탑동)",37.4116217,127.1263444,분당구 야탑동
분당구,운중동,이오약국,"경기도 성남시 분당구 운중로 118, 스타타워 4층 403호 (운중동)",37.3913767,127.0760574,분당구 운중동
분당구,운중동,소망약국,"경기도 성남시 분당구 운중로 131, 스타식스 메트로 108호 (운중동)",37.3919408,127.0777814,분당구 운중동
분당구,운중동,바로약국,"경기도 성남시 분당구 운중로 142, 판교메디칼타워 1층 106호 (운중동)",37.3912242,127.0788323,분당구 운중동
분당구,운중동,옵티마우리들약국,"경기도 성남시 분당구 운중로 140, 107호 (운중동, 메트로골드)",37.3912153,127.0785231,분당구 운중동
분당구,이매동,솔잎약국,"경기도 성남시 분당구 양현로94번길 19, 106호 (이매동, 새남서울조합상가)",37.3911639,127.1262183,분당구 이매동
분당구,정자동,분당수약국,"경기도 성남시 분당구 정자로 13, 108호 (정자동, 월드비터)",37.3637177,127.1063086,분당구 정자동
분당구,정자동,열린약국,"경기도 성남시 분당구 정자로 105, 새소망전인교육센타 301호 (정자동)",37.3638283,127.116579,분당구 정자동
분당구,정자동,세기약국,"경기도 성남시 분당구 성남대로331번길 7, 정자스타빌딩 106호 (정자동)",37.36546269999999,127.1071976,분당구 정자동
분당구,정자동,파크약국,"경기도 성남시 분당구 정자일로 227, 백궁지엔느주차전용빌딩 108호 (정자동)",37.3707069,127.1055912,분당구 정자동
분당구,정자동,조은약국,"경기도 성남시 분당구 느티로 27, 106호 (정자동, 하나프라자빌딩 )",37.3687998,127.1074961,분당구 정자동
분당구,정자동,분당약국,"경기도 성남시 분당구 불곡로 4, 리더스프라자 107호 (정자동)",37.3594073,127.1229441,분당구 정자동
분당구,정자동,천지온누리 약국,"경기도 성남시 분당구 내정로113번길 4 (정자동, 정자프라자 1층)",37.3706723,127.114827,분당구 정자동
분당구,정자동,바른약국,"경기도 성남시 분당구 정자로 143, 104호 (정자동,한솔마을 상가)",37.3638388,127.1163207,분당구 정자동
분당구,정자동,금곡프라자 약국,"경기도 성남시 분당구 내정로 29, 102호 (정자동, 금곡프라자)",37.3628738,127.1144706,분당구 정자동
분당구,정자동,꽃피는온누리약국,"경기도 성남시 분당구 성남대로331번길 3-13, 대명제스트빌딩 308일부호 (정자동)",37.3643782,127.1076849,분당구 정자동
분당구,정자동,가까운대학 약국,"경기도 성남시 분당구 돌마로 169, 더샵 분당파크리버 201동 201동 B104,104,105,106호 (정자동)",37.355284,127.1171067,분당구 정자동
분당구,정자동,진영약국,"경기도 성남시 분당구 내정로17번길 4-11, 금산프라자 1층 118호 (정자동)",37.3627441,127.1139625,분당구 정자동
분당구,정자동,스타파크약국,"경기도 성남시 분당구 정자일로 121, A-15호 (정자동, 더샵스타파크)",37.360982,127.1051608,분당구 정자동
분당구,정자동,월드약국,"경기도 성남시 분당구 정자일로 240 (정자동, 월드프라자)",37.3715054,127.1062403,분당구 정자동
분당구,정자동,분당그린약국,"경기도 성남시 분당구 정자일로 100, 상가동 1층 106호 (정자동, 미켈란쉐르빌)",37.3590914,127.1069962,분당구 정자동
분당구,정자동,정자역약국,"경기도 성남시 분당구 성남대로331번길 3-3, 젤존타워III 1층 111호 (정자동)",37.365323,127.1076936,분당구 정자동
분당구,정자동,아리랑약국,"경기도 성남시 분당구 내정로 58, 스포라이프 스포츠센타 108호 (정자동)",37.3653863,127.1151963,분당구 정자동
분당구,정자동,십자약국,경기도 성남시 분당구 느티로87번길 13 (정자동),37.3698457,127.1141437,분당구 정자동
분당구,정자동,J정약국,"경기도 성남시 분당구 느티로 16, 젤존타워1 102호 (정자동)",37.3681714,127.1062847,분당구 정자동
분당구,정자동,늘푸른약국,"경기도 성남시 분당구 성남대로331번길 3-13, 308호 (정자동, 대명제스트빌딩)",37.3643782,127.1076849,분당구 정자동
분당구,정자동,아프지마오약국,"경기도 성남시 분당구 불정로 134, 이마트 1층 (정자동)",37.3588136,127.1197905,분당구 정자동
분당구,판교동,판교기린약국,"경기도 성남시 분당구 운중로 242, 107호 (판교동)",37.3892087,127.0897135,분당구 판교동
분당구,판교동,꿈꾸는약국,"경기도 성남시 분당구 서판교로 36, 1층 (판교동)",37.3899673,127.0979066,분당구 판교동
분당구,판교동,판교원약국,"경기도 성남시 분당구 판교원로 207, 상가동 1층 104호 (판교동, 판교원마을5단지아파트)",37.3875145,127.0882616,분당구 판교동
분당구,판교동,판교한솔약국,"경기도 성남시 분당구 운중로 233, 한솔프라자 103호 (판교동)",37.3900395,127.0889606,분당구 판교동
분당구,판교동,판교수빈약국,"경기도 성남시 분당구 운중로 235, 103호 (판교동, 나래메디플러스)",37.3899615,127.0893115,분당구 판교동
분당구,판교동,그린약국,"경기도 성남시 분당구 운중로 249, 105호 (판교동)",37.3896542,127.0906936,분당구 판교동
수정구,고등동,별약국,"경기도 성남시 수정구 청계산로 689, 1층 103호 (고등동)",37.4274806,127.0948411,수정구 고등동
수정구,고등동,코리아약국,"경기도 성남시 수정구 고등로 3, 현대지식산업센터 성남고등 C동 B11층 6호 (고등동)",37.4285521,127.0935318,수정구 고등동
수정구,단대동,여명약국,경기도 성남시 수정구 산성대로 435 (단대동),37.4549348,127.1572993,수정구 단대동
수정구,복정동,복정동서울약국,"경기도 성남시 수정구 복정로 86, 수전빌딩 104호 (복정동)",37.4606058,127.1269727,수정구 복정동
수정구,복정동,복정동서울약국,경기도 성남시 수정구 복정로 41 (복정동),37.45659029999999,127.1270461,수정구 복정동
수정구,산성동,행복한약국,"경기도 성남시 수정구 수정로 348, 수정빌딩 1층 (산성동)",37.449191,127.145651,수정구 산성동
수정구,산성동,새강약국,경기도 성남시 수정구 수정남로324번길 2 (산성동),37.4564665,127.1535807,수정구 산성동
수정구,산성동,신중앙메디칼약국,경기도 성남시 수정구 수정남로 297 (산성동),37.4551615,127.1510334,수정구 산성동
수정구,산성동,전주약국,경기도 성남시 수정구 수정로 358 (산성동),37.4568804,127.1533732,수정구 산성동
수정구,산성동,보건약국,경기도 성남시 수정구 희망로 522 (산성동),37.4503381,127.1524091,수정구 산성동
수정구,수진동,중앙시장약국,"경기도 성남시 수정구 수정로 108, 1층 (수진동)",37.4369688,127.1286326,수정구 수진동
수정구,수진동,코끼리약국,"경기도 성남시 수정구 수정로 112, 1층 (수진동, 충지빌딩)",37.4369688,127.1286326,수정구 수진동
수정구,수진동,더편한365모란약국,"경기도 성남시 수정구 성남대로 1169, 남영빌딩 2층 (수진동)",37.434213,127.1283879,수정구 수진동
수정구,수진동,백두산약국,"경기도 성남시 수정구 수정로 88, 1층 일부호 (수진동)",37.4369688,127.1286326,수정구 수진동
수정구,수진동,서가종로온누리약국,"경기도 성남시 수정구 수정로 68, 세종빌딩 1층 (수진동)",37.4396641,127.128264,수정구 수진동
수정구,수진동,오아시스약국,"경기도 성남시 수정구 성남대로1221번길 6, 1층 (수진동)",37.4389676,127.1270274,수정구 수진동
수정구,수진동,연세약국,경기도 성남시 수정구 수정로 106 (수진동),37.4398872,127.1329153,수정구 수진동
수정구,수진동,365수정메디약국,"경기도 성남시 수정구 수정로 128, 1층 일부호 (수진동)",37.4410883,127.1328944,수정구 수진동
수정구,수진동,태평정문약국,"경기도 성남시 수정구 성남대로1226번길 10 (수진동, 계영캐슬)",37.4393651,127.1290409,수정구 수진동
수정구,수진동,SR새힘약국,"경기도 성남시 수정구 수정로 106, SR프라자 1층 115호 (수진동)",37.4391589,127.1332535,수정구 수진동
수정구,수진동,삼부약국,경기도 성남시 수정구 성남대로1221번길 11 (수진동),37.4386786,127.1265173,수정구 수진동
수정구,수진동,코끼리 약국,경기도 성남시 수정구 수정로 116 (수진동),37.4391826,127.1333338,수정구 수진동
수정구,수진동,오아시스약국,"경기도 성남시 수정구 성남대로1221번길 6, 1층 일부호 (수진동)",37.4389676,127.1270274,수정구 수진동
수정구,시흥동,팜스퀘어약국,"경기도 성남시 수정구 창업로 18, 파미어스몰 3층 305호 (시흥동)",37.4130526,127.0980134,수정구 시흥동
수정구,시흥동,판교파미어스 약국,"경기도 성남시 수정구 창업로 18, 파미어스몰 3층 305호 (시흥동)",37.4130526,127.0980134,수정구 시흥동
수정구,시흥동,판교파미어스약국,"경기도 성남시 수정구 창업로 18, 3층 305호 (시흥동)",37.4137174,127.0982506,수정구 시흥동
수정구,신흥동,롯데시네마약국,"경기도 성남시 수정구 산성대로 267, 1층 111호 (신흥동)",37.4476829,127.1450137,수정구 신흥동
수정구,신흥동,태영약국,"경기도 성남시 수정구 산성대로 321, 신동아파라디움 상가 181~182호 (신흥동)",37.4512232,127.1486619,수정구 신흥동
수정구,신흥동,신흥제일약국,"경기도 성남시 수정구 산성대로 305, 110호 (신흥동, 삼부르네상스파크Ⅱ)",37.447695,127.1447539,수정구 신흥동
수정구,신흥동,두리온누리약국,"경기도 성남시 수정구 공원로 322, 1층 105호 (신흥동, 신동아파라디움)",37.44349380000001,127.1519162,수정구 신흥동
수정구,신흥동,플러스약국,"경기도 성남시 수정구 수정로 162, 1층 (신흥동)",37.4425361,127.138011,수정구 신흥동
수정구,신흥동,한약국,경기도 성남시 수정구 산성대로 249(신흥동),37.449981,127.1503191,수정구 신흥동
수정구,신흥동,태평양약국,"경기도 성남시 수정구 수정로 184, 1층 (신흥동)",37.4432361,127.1403707,수정구 신흥동
수정구,신흥동,스마일약국,"경기도 성남시 수정구 수정로 291, 산성역포레스티아아파트 서문상가동 3층 304호 (신흥동)",37.4527808,127.1464839,수정구 신흥동
수정구,신흥동,포레스티아 튼튼약국,"경기도 성남시 수정구 수정로 291, 산성역포레스티아아파트 405-1호 (신흥동)",37.4492723,127.1520468,수정구 신흥동
수정구,신흥동,열린온누리약국,"경기도 성남시 수정구 수정로 174, 1층 (신흥동, 효산빌딩)",37.4428378,127.1393036,수정구 신흥동
수정구,신흥동,미래열린약국,"경기도 성남시 수정구 산성대로 237-1, 1층 (신흥동)",37.4396601,127.1437279,수정구 신흥동
수정구,신흥동,큰나무약국,"경기도 성남시 수정구 수정로 286, 정인빌딩 (신흥동)",37.4498854,127.1467619,수정구 신흥동
수정구,신흥동,샤론약국,경기도 성남시 수정구 탄리로52번길 13 (신흥동),37.4410282,127.1381607,수정구 신흥동
수정구,신흥동,신흥종로약국,"경기도 성남시 수정구 산성대로 247, 1층 (신흥동)",37.4400839,127.1445819,수정구 신흥동
수정구,신흥동,한사랑약국,"경기도 성남시 수정구 희망로 551, 산성역자이푸르지오C1블록 101,102호 (신흥동)",37.4486298,127.1537942,수정구 신흥동
수정구,신흥동,유자약국,"경기도 성남시 수정구 공원로 322, 2층 225호 (신흥동, 신동아파라디움)",37.44349380000001,127.1519162,수정구 신흥동
수정구,신흥동,산성메디칼약국,"경기도 성남시 수정구 희망로 551, 산성역자이푸르지오 c1블록 106호(신흥동) (신흥동)",37.4486298,127.1537942,수정구 신흥동
수정구,신흥동,신흥365약국,"경기도 성남시 수정구 산성대로 267, 110호 (신흥동)",37.447695,127.1447539,수정구 신흥동
수정구,양지동,푸른약국,"경기도 성남시 수정구 산성대로 517 (양지동, 양지주차장)",37.4574126,127.1631768,수정구 양지동
수정구,양지동,푸른약국,"경기도 성남시 수정구 산성대로 517 (양지동, 양지주차장)",37.4574126,127.1631768,수정구 양지동
수정구,양지동,다나온누리약국,"경기도 성남시 수정구 산성대로 531, 1층 (양지동)",37.4641736,127.1663343,수정구 양지동
수정구,창곡동,달달약국,"경기도 성남시 수정구 위례동로 147, 위례건아타워 (창곡동)",37.4731149,127.1501302,수정구 창곡동
수정구,창곡동,나무약국,"경기도 성남시 수정구 위례동로 135-6, 101호 (창곡동, 이너매스위례)",37.4730997,127.1497093,수정구 창곡동
수정구,창곡동,천사온누리약국,"경기도 성남시 수정구 위례동로 141, 106호 (창곡동, 우성메디피아)",37.472654,127.1501744,수정구 창곡동
수정구,창곡동,위례중앙약국,"경기도 성남시 수정구 위례광장로 310, A동 104호 (창곡동, 우성트램타워)",37.4727407,127.1426931,수정구 창곡동
수정구,창곡동,연세으뜸약국,"경기도 성남시 수정구 위례광장로 27, 으뜸프라자 103호 (창곡동)",37.4670365,127.1400643,수정구 창곡동
수정구,창곡동,위례진약국,"경기도 성남시 수정구 위례광장로 322, 아이플렉스 1층 119호 (창곡동)",37.4717444,127.1426313,수정구 창곡동
수정구,창곡동,바른약국,"경기도 성남시 수정구 위례광장로 300, 창곡동 509번지 722호 (창곡동)",37.4734716,127.1427383,수정구 창곡동
수정구,창곡동,봄봄약국,"경기도 성남시 수정구 위례광장로 5, 남위례역아이파크 111호 (창곡동)",37.466468,127.140147,수정구 창곡동
수정구,창곡동,위례일번약국,"경기도 성남시 수정구 위례서일로 46, 위례엘포트한라비발디 107,109호 (창곡동)",37.4638645,127.1404911,수정구 창곡동
수정구,창곡동,위례광장약국,"경기도 성남시 수정구 위례광장로 9-9, 위례우남역 퍼스트푸르지오시티 112호 (창곡동)",37.4646742,127.1413151,수정구 창곡동
수정구,창곡동,위례퍼스트약국,"경기도 성남시 수정구 위례광장로 322, 아이플렉스 118호 (창곡동)",37.4717444,127.1426313,수정구 창곡동
수정구,창곡동,위례수동물약국,"경기도 성남시 수정구 위례서일로 18, 더존메디컬타워 1층 (창곡동)",37.4651167,127.1378325,수정구 창곡동
수정구,창곡동,위례퍼스트약국,"경기도 성남시 수정구 위례광장로 322, 아이플렉스 1층 118호 (창곡동)",37.4717444,127.1426313,수정구 창곡동
수정구,창곡동,위례진약국,"경기도 성남시 수정구 위례광장로 322, 아이플렉스 1층 119호 (창곡동)",37.4717444,127.1426313,수정구 창곡동
수정구,창곡동,위례중앙약국,"경기도 성남시 수정구 위례광장로 310, 우성트램타워 A동 104호 (창곡동)",37.4727407,127.1426931,수정구 창곡동
수정구,창곡동,365열린큰약국,"경기도 성남시 수정구 위례광장로 104, 위례 한화 오벨리스크 센트럴스퀘어 1049,1050,1051호 (창곡동)",37.4730447,127.1412575,수정구 창곡동
수정구,창곡동,서일약국,"경기도 성남시 수정구 위례서일로 22, 이너매스우남 1층 116호 (창곡동)",37.4648462,127.1383045,수정구 창곡동
수정구,창곡동,위례조은약국,"경기도 성남시 수정구 위례광장로 19, 아이페리온 115호 (창곡동)",37.4657393,127.1404753,수정구 창곡동
수정구,창곡동,위례미소약국,"경기도 성남시 수정구 위례광장로 300, 위례중앙역 중앙타워 B40호 (창곡동)",37.4734716,127.1427383,수정구 창곡동
수정구,태평동,명성약국,"경기도 성남시 수정구 수정로 205 (태평동, 선운빌딩1층)",37.4509379,127.1387306,수정구 태평동
수정구,태평동,비타약국,경기도 성남시 수정구 남문로 143 (태평동),37.4485822,127.1422963,수정구 태평동
수정구,태평동,청년약국,"경기도 성남시 수정구 성남대로 1330, 1층 4호 (태평동)",37.4484002,127.1271451,수정구 태평동
수정구,태평동,우리약국,경기도 성남시 수정구 수정로 161 (태평동),37.4507031,127.1387282,수정구 태평동
수정구,태평동,가까운 태평양약국,경기도 성남시 수정구 수정로171번길 8 (태평동),37.4438132,127.1390603,수정구 태평동
수정구,태평동,성남다사랑약국,"경기도 성남시 수정구 수정로171번길 7-1, 우일프라자 1층 (태평동)",37.4436018,127.138391,수정구 태평동
수정구,태평동,성남온누리약국,"경기도 성남시 수정구 수정로 115, 만홍빌딩 102호 (태평동)",37.4506822,127.1396765,수정구 태평동
수정구,태평동,기쁨약국,"경기도 성남시 수정구 수정로 69, 대명빌딩 1층 (태평동)",37.4400741,127.1281568,수정구 태평동
수정구,태평동,보령온누리약국,"경기도 성남시 수정구 남문로 66, 1층 (태평동)",37.4459048,127.1341871,수정구 태평동
수정구,태평동,가고싶은 후문약국,"경기도 성남시 수정구 시민로205번길 32, 1층 (태평동)",37.4453599,127.1382085,수정구 태평동
수정구,태평동,태평로온누리약국,"경기도 성남시 수정구 수정북로13번길 2, 105호 (태평동)",37.4417367,127.1312016,수정구 태평동
수정구,태평동,메디칼왕약국,"경기도 성남시 수정구 수정북로13번길 2, 1층 (태평동)",37.4417367,127.1312016,수정구 태평동
수정구,태평동,성남사랑약국,"경기도 성남시 수정구 수정로 201 (태평동, 신세계쉐덴)",37.4443704,127.1424986,수정구 태평동
수정구,태평동,광장약국,"경기도 성남시 수정구 수정로171번길 15, 삼경빌딩 1층 (태평동)",37.4441431,127.138184,수정구 태평동
수정구,태평동,시민약국,"경기도 성남시 수정구 수정로171번길 11, 1층 (태평동)",37.4438391,127.1383592,수정구 태평동
수정구,태평동,청년약국,"경기도 성남시 수정구 성남대로 1330, 일성 오퍼스원 1층 104호 (태평동)",37.4483172,127.1270579,수정구 태평동
수정구,태평동,오거리약국,"경기도 성남시 수정구 탄리로 116, 1층 (태평동)",37.4459891,127.1345969,수정구 태평동
수정구,태평동,태평보룡약국,"경기도 성남시 수정구 수정로171번길 11-1, 동남빌딩 1층 (태평동)",37.443965,127.1382759,수정구 태평동
수정구,태평동,성남햇살약국,"경기도 성남시 수정구 수정로171번길 7-1, 우일프라자 2층 일부호 (태평동)",37.4435527,127.138374,수정구 태평동
수정구,태평동,성남참조은약국,"경기도 성남시 수정구 수정로 175, 동일빌딩 1층 (태평동)",37.4434396,127.1392388,수정구 태평동
수정구,태평동,대학온누리약국,"경기도 성남시 수정구 시민로205번길 28, 1층 (태평동)",37.445468,127.138574,수정구 태평동
수정구,태평동,태평종로약국,경기도 성남시 수정구 탄리로 120 (태평동),37.4463963,127.1343367,수정구 태평동
중원구,금광동,편안우리약국,"경기도 성남시 중원구 자혜로 40, 삼복빌딩 (금광동)",37.4502978,127.1639091,중원구 금광동
중원구,금광동,중앙약국,경기도 성남시 중원구 산성대로472번길 8-1 (금광동),37.4534966,127.1617809,중원구 금광동
중원구,금광동,새금빛약국,"경기도 성남시 중원구 광명로 332, 만년빌딩 1층 (금광동)",37.4453605,127.1628458,중원구 금광동
중원구,금광동,수인약국,"경기도 성남시 중원구 광명로 347, 1층 (금광동, 형제빌딩)",37.4463028,127.1643159,중원구 금광동
중원구,금광동,도 약국,"경기도 성남시 중원구 금빛로 43, 1층 104호 (금광동)",37.4417056,127.1604481,중원구 금광동
중원구,금광동,온빛약국,"경기도 성남시 중원구 광명로 318, 1층 (금광동)",37.4448825,127.1613529,중원구 금광동
중원구,금광동,유니동물약국,경기도 성남시 중원구 광명로 359 (금광동),37.4449909,127.1617158,중원구 금광동
중원구,금광동,솔빛약국,"경기도 성남시 중원구 광명로 319, 1층 101호 (금광동)",37.4415865,127.1605492,중원구 금광동
중원구,금광동,명약국,경기도 성남시 중원구 산성대로372번길 3 (금광동),37.4452409,127.1575306,중원구 금광동
중원구,금광동,명약국,"경기도 성남시 중원구 산성대로372번길 3, 1층 (금광동)",37.4452409,127.1575306,중원구 금광동
중원구,금광동,전승완약국,"경기도 성남시 중원구 광명로 372, 1층 (금광동)",37.4464709,127.1671612,중원구 금광동
중원구,금광동,전승완약국,"경기도 성남시 중원구 광명로 372, 1층 (금광동)",37.4464709,127.1671612,중원구 금광동
중원구,금광동,메디칼 약국,경기도 성남시 중원구 자혜로 60 (금광동),37.4507347,127.1661445,중원구 금광동
중원구,금광동,광명로약국,"경기도 성남시 중원구 광명로 327, 1층 (금광동)",37.4455839,127.1622137,중원구 금광동
중원구,금광동,마이팜약국,"경기도 성남시 중원구 산성대로476번길 6-1, 1층 (금광동)",37.4536743,127.1615844,중원구 금광동
중원구,금광동,21세기 세계로약국,"경기도 성남시 중원구 산성대로372번길 14, 동성빌딩 1층 (금광동)",37.444705,127.158567,중원구 금광동
중원구,상대원,늘봄약국,"경기도 성남시 중원구 둔촌대로 449, 중앙인더스피아 1층 106호 (상대원동)",37.4328265,127.1672821,중원구 상대원
중원구,상대원,밝은온누리약국,경기도 성남시 중원구 금상로 6 (상대원동),37.43676019999999,127.1588444,중원구 상대원
중원구,상대원,참약사천사약국,"경기도 성남시 중원구 희망로 312, 대원빌딩 1층 101호 (상대원동)",37.4340649,127.15948,중원구 상대원
중원구,상대원,기범약국,"경기도 성남시 중원구 금상로 60, 우림빌딩 1층 (상대원동)",37.4404093,127.1628294,중원구 상대원
중원구,상대원,중원온누리약국,"경기도 성남시 중원구 희망로 336, 1층 (상대원동, 금진빌딩)",37.4357878,127.1584505,중원구 상대원
중원구,상대원,크란츠 온누리 약국,"경기도 성남시 중원구 둔촌대로 388, 크란츠 테크노 203호 (상대원동)",37.432769,127.1596395,중원구 상대원
중원구,상대원,밝은온누리약국,"경기도 성남시 중원구 금상로 6, 1층 (상대원동)",37.43676019999999,127.1588444,중원구 상대원
중원구,상대원,오대문약국,경기도 성남시 중원구 금상로 53 (상대원동),37.4401464,127.1619432,중원구 상대원
중원구,상대원,박약국,"경기도 성남시 중원구 금상로 12, 1층 (상대원동)",37.4371468,127.1592623,중원구 상대원
중원구,상대원,성남메디칼약국,경기도 성남시 중원구 희망로 335 (상대원동),37.4357985,127.1579003,중원구 상대원
중원구,성남동,중원종로약국,경기도 성남시 중원구 둔촌대로 163 (성남동),37.4298595,127.1367836,중원구 성남동
중원구,성남동,모란중앙약국,경기도 성남시 중원구 성남대로 1149 (성남동),37.4323845,127.1286835,중원구 성남동
중원구,성남동,메디컬중앙약국,경기도 성남시 중원구 광명로 17 (성남동),37.433399,127.1310556,중원구 성남동
중원구,성남동,중원건강약국,"경기도 성남시 중원구 둔촌대로 163, 1층 (성남동)",37.4298595,127.1367836,중원구 성남동
중원구,성남동,정원약국,"경기도 성남시 중원구 성남대로 1115, 모란시티 1층 106호 (성남동)",37.4296656,127.1291224,중원구 성남동
중원구,성남동,자연약국,"경기도 성남시 중원구 제일로 37, 신명빌딩 1층 (성남동)",37.4303235,127.1365947,중원구 성남동
중원구,성남동,새모란21세기약국,"경기도 성남시 중원구 성남대로1148번길 2, 소평빌딩 1층 101,102,103호 (성남동)",37.4322793,127.1295062,중원구 성남동
중원구,성남동,기승전휴베이스약국,"경기도 성남시 중원구 광명로 17, 대동빌딩 1층 (성남동)",37.433399,127.1310556,중원구 성남동
중원구,성남동,모란온누리약국,"경기도 성남시 중원구 성남대로 1132, 모란역 센트럴스퀘어 1층 104호 (성남동)",37.4310465,127.1299227,중원구 성남동
중원구,성남동,기승전 휴베이스약국,"경기도 성남시 중원구 광명로 17, 대동빌딩 1층 (성남동)",37.433399,127.1310556,중원구 성남동
중원구,성남동,모란팜약국,"경기도 성남시 중원구 광명로 5, 성남동메디칼센타 1층 104호 (성남동)",37.4331861,127.1296935,중원구 성남동
중원구,성남동,새로운약국,"경기도 성남시 중원구 성남대로 1141, 예치과빌딩 1층 (성남동)",37.4317306,127.1286894,중원구 성남동
중원구,여수동,샤인약국,"경기도 성남시 중원구 양현로 411, 시티오피스타워 101호 (여수동)",37.417001,127.1277711,중원구 여수동
중원구,은행동,태평양약국,"경기도 성남시 중원구 산성대로 530, 1층 (은행동)",37.4580214,127.164674,중원구 은행동
중원구,은행동,신신약국,경기도 성남시 중원구 산성대로 496 (은행동),37.4602224,127.1742816,중원구 은행동
중원구,은행동,삼보약국,경기도 성남시 중원구 산성대로 522 (은행동),37.4602224,127.1742816,중원구 은행동
중원구,은행동,조약국,경기도 성남시 중원구 은이로 24 (은행동),37.4567048,127.1664721,중원구 은행동
중원구,은행동,하나로약국,"경기도 성남시 중원구 산성대로 526, 다동 1층 2,3호 (은행동, 은행시장 )",37.4725828,127.179831,중원구 은행동
중원구,은행동,월드옵티마약국,"경기도 성남시 중원구 순환로465번길 27, 1층 (은행동)",37.46134300000001,127.1686318,중원구 은행동
중원구,중앙동,종로약국,경기도 성남시 중원구 시민로 116 (중앙동),37.4387192,127.1454086,중원구 중앙동
중원구,중앙동,밝은약국,경기도 성남시 중원구 산성대로 348-1 (중앙동),37.4425764,127.1528881,중원구 중앙동
중원구,중앙동,퍼스트케어약국,"경기도 성남시 중원구 산성대로 338-2, 1층 101호 (중앙동)",37.4435175,127.1554706,중원구 중앙동
중원구,중앙동,하늘빛약국,"경기도 성남시 중원구 광명로 176, 상가동 1층 106호 (중앙동, 신흥역하늘채랜더스원아파트)",37.4379993,127.1470338,중원구 중앙동
중원구,중앙동,이화약국,"경기도 성남시 중원구 산성대로 354, 1층 (중앙동, 태성빌딩)",37.4438585,127.1556779,중원구 중앙동
중원구,하대원,벧엘온누리약국,"경기도 성남시 중원구 둔촌대로 277, 1층 (하대원동)",37.4296165,127.1488811,중원구 하대원
중원구,하대원,한빛약국,"경기도 성남시 중원구 둔촌대로 274, 1층 124호 (하대원동, 태연스카이빌)",37.4304601,127.1440346,중원구 하대원
중원구,하대원,벧엘온누리약국,"경기도 성남시 중원구 둔촌대로 277, 1층 (하대원동)",37.4296165,127.1488811,중원구 하대원
중원구,하대원,필리아약국,경기도 성남시 중원구 둔촌대로 283(하대원동),37.429717,127.1514546,중원구 하대원
